{"cameraMode":{"drawMode":0,"name":"Shaded","section":"Shading Mode"},"sceneLighting":false,"audioPlay":false,"sceneViewState":{"showFog":true,"showMaterialUpdate":false,"showSkybox":false,"showFlares":true,"showImageEffects":true,"showParticleSystems":true},"in2DMode":false,"pivot":{"x":-6.308996200561523,"y":-51.20417022705078,"z":-8.610530853271485},"rotation":{"x":0.2575715482234955,"y":0.0020976823288947345,"z":-0.0004400518082547933,"w":0.9662575721740723},"size":6.0073957443237309,"orthographic":false}